{
  "ndcg_grid": [
    [
      0.8371292552687931,
      0.8551784370388992,
      0.8607118396059262,
      0.8119905487347079,
      0.3532187884797598
    ],
    [
      0.8371292552687931,
      0.8551784370388992,
      0.8607118396059262,
      0.8119905487347079,
      0.3532187884797598
    ],
    [
      0.8371292552687931,
      0.8551784370388992,
      0.8607118396059262,
      0.8119905487347079,
      0.3532187884797598
    ],
    [
      0.8371292552687931,
      0.8551784370388992,
      0.8607118396059262,
      0.8119905487347079,
      0.3532187884797598
    ],
    [
      0.791602774481341,
      0.8214432484200136,
      0.8493240737995467,
      0.8029659578496549,
      0.3532187884797598
    ]
  ],
  "lb_vals": [
    0.0,
    0.25,
    0.5,
    0.75,
    1.0
  ],
  "alpha_vals": [
    0.0,
    0.25,
    0.5,
    0.75,
    1.0
  ],
  "svd_dims_fixed": 8,
  "k": 3
}